Channel Number;Channel Name;Channel Type;Rx Frequency;Tx Frequency;Bandwidth (kHz);Colour Code;Timeslot;Contact;TG List;DMR ID;TS1_TA_Tx;TS2_TA_Tx ID;RX Tone;TX Tone;Squelch;Power;Rx Only;Zone Skip;All Skip;TOT;VOX;No Beep;No Eco;APRS;Latitude;Longitude;Use location
1; DB0GMN Grimmen;Analogue;145,575000;144,97500;12,5;;;;;None;;;None;88,5;Disabled;Master;No;No;No;495;Off;No;No;None;54,16240000;12,96740000;Yes
2; DO0RDG Ribnitz;Analogue;145,612500;145,01250;12,5;;;;;None;;;None;88,5;Disabled;Master;No;No;No;495;Off;No;No;None;54,26540000;12,56804000;Yes
3;#DO0RDG.Ribnitz;Digital;438,800000;431,20000;;1;1;None;BM;None;APRS;APRS;;;;Master;No;No;No;495;Off;No;No;None;54,26540000;12,56804000;Yes
4;#DO0RDG Ribnitz;Analogue;439,012500;431,41250;12,5;;;;;None;;;None;88,5;Disabled;Master;No;No;No;495;Off;No;No;None;54,26540000;12,56804000;Yes
5;#DB0FHS Stralsu;Analogue;438,775000;431,17500;12,5;1;1;None;BM;None;APRS;APRS;;;;Master;No;No;No;495;Off;No;No;None;54,30910110;13,07699966;Yes
6;#DB0FHS.Stralsu;Digital;438,775000;431,17500;12,5;1;1;None;BM;None;APRS;APRS;;;;Master;No;No;No;495;Off;No;No;None;54,30910110;13,07699966;Yes
7;#DB0HGW Greifsw;Analogue;438,300000;430,70000;25;1;1;None;BM;None;APRS;APRS;;;;Master;No;No;No;495;Off;No;No;None;54,09550095;13,37699986;Yes
8;#DB0HGW.Greifsw;Digital;438,300000;430,70000;25;1;1;None;BM;None;APRS;APRS;;;;Master;No;No;No;495;Off;No;No;None;54,09550095;13,37699986;Yes
9; DB0GWD Greifsw;Analogue;145,675000;145,07500;25;;;;;None;;;None;;Disabled;Master;No;No;No;495;Off;No;No;None;54,08539963;13,39700031;Yes
10;#DM0HRO Rostock;Analogue;439,587500;431,98750;25,0;;;;;None;;;88,5;88,5;Disabled;Master;No;No;No;495;Off;No;No;None;54,12300000;12,20130000;Yes
11;#DM0HRO.Rostock;Digital;438,325000;430,72500;;1;1;None;BM;None;APRS;APRS;;;;Master;No;No;No;495;Off;No;No;None;54,12300000;12,20130000;Yes
12;#DM0HRO Rostock;Analogue;439,350000;431,75000;12,5;;;;;None;;;None;88,5;Disabled;Master;No;No;No;495;Off;No;No;None;54,12300000;12,20130000;Yes
13; DB0RUG Bergen;Analogue;145,600000;145,00000;25;;;;;None;;;None;;Disabled;Master;No;No;No;495;Off;No;No;None;54,41849899;13,43299961;Yes
14;#DO0MAL Malchin;Analogue;438,600000;431,00000;25;;;;;None;;;None;;Disabled;Master;No;No;No;495;Off;No;No;None;53,77720000;12,72100000;Yes
15;#DB0OVP Lubmin;Analogue;438,350000;430,75000;12,5;1;1;None;BM;None;APRS;APRS;;;;Master;No;No;No;495;Off;No;No;None;54,12049100;13,54880000;Yes
16;#DB0OVP.Lubmin;Digital;438,350000;430,75000;12,5;1;1;None;BM;None;APRS;APRS;;;;Master;No;No;No;495;Off;No;No;None;54,12049100;13,54880000;Yes
17; DB0HRO Rostock;Analogue;145,775000;145,17500;12,5;;;;;None;;;None;88,5;Disabled;Master;No;No;No;495;Off;No;No;None;54,13949966;12,05090046;Yes
18;#DB0DBR Bad Dob;Analogue;439,375000;431,77500;12,5;1;1;None;BM;None;APRS;APRS;;;;Master;No;No;No;495;Off;No;No;None;54,09659958;11,90310001;Yes
19;#DB0DBR.Bad.Dob;Digital;439,375000;431,77500;12,5;1;1;None;BM;None;APRS;APRS;;;;Master;No;No;No;495;Off;No;No;None;54,09659958;11,90310001;Yes
20;#DM0RUG.Sagard;Digital;438,850000;431,25000;;1;1;None;BM;None;APRS;APRS;;;;Master;No;No;No;495;Off;No;No;None;54,55360031;13,59370041;Yes
21;#DO0SMG Sagard;Analogue;439,400000;431,80000;25;;;;;None;;;None;;Disabled;Master;No;No;No;495;Off;No;No;None;54,55360031;13,59370041;Yes
22;#DB0WLG Wolgast;Analogue;438,650000;431,05000;25;;;;;None;;;None;;Disabled;Master;No;No;No;495;Off;No;No;None;54,04959869;13,76659966;Yes
23;#DM0VG Spanteko;Analogue;438,550000;430,95000;25;;;;;None;;;None;1750;Disabled;Master;No;No;No;495;Off;No;No;None;53,78340149;13,54199982;Yes
24;#DB0TDR Satow;Analogue;438,975000;431,37500;25;;;;;None;;;None;;Disabled;Master;No;No;No;495;Off;No;No;None;53,95489883;11,81040001;Yes
25; DB0KUE Kuehlun;Analogue;145,687500;145,08750;25;;;;;None;;;None;;Disabled;Master;No;No;No;495;Off;No;No;None;54,12889862;11,69830036;Yes
26;#DB0KUE Kuehlun;Analogue;439,050000;431,45000;12,5;;;;;None;;;None;;Disabled;Master;No;No;No;495;Off;No;No;None;54,12829971;11,69830036;Yes
27;#DB0NBB Neubran;Analogue;438,750000;431,15000;12,5;;;;;None;;;None;;Disabled;Master;No;No;No;495;Off;No;No;None;53,57600021;13,27460003;Yes
28; DB0NBB Neubran;Analogue;145,625000;145,02500;12,5;;;;;None;;;None;;Disabled;Master;No;No;No;495;Off;No;No;None;53,57559967;13,27460003;Yes
29;#DO0RM Roebel;Analogue;438,825000;431,22500;25;;;;;None;;;None;1750;Disabled;Master;No;No;No;495;Off;No;No;None;53,38793300;12,61345200;Yes
30;#DO0RM.Roebel/M;Digital;439,250000;431,65000;;1;1;None;BM;None;APRS;APRS;;;;Master;No;No;No;495;Off;No;No;None;53,38793300;12,61345200;Yes
31;#DO0RM Roebel/M;Analogue;438,825000;431,22500;25;;;;;None;;;None;;Disabled;Master;No;No;No;495;Off;No;No;None;53,38793300;12,61345200;Yes
32;#DB0MSP Neustre;Analogue;438,675000;431,07500;25;;;;;None;;;None;;Disabled;Master;No;No;No;495;Off;No;No;None;53,36289978;13,06289959;Yes
33;#DO0HWI Wismar;Analogue;438,562500;430,96250;12,5;;;;;None;;;88,5;88,5;Disabled;Master;No;No;No;495;Off;No;No;None;53,90137200;11,41339200;Yes
34;#DM0SBG Strasbu;Analogue;438,700000;431,10000;12,5;;;;;None;;;None;88,5;Disabled;Master;No;No;No;495;Off;No;No;None;53,50610000;13,75090000;Yes
35;#DB0MIR Inning ;Analogue;439,300000;431,70000;25;;;;;None;;;None;123,0;Disabled;Master;No;No;No;495;Off;No;No;None;48,06250000;11,20829964;Yes
36;#DB0MIR.Inning.;Digital;438,737500;431,13750;;1;1;None;BM;None;APRS;APRS;;;;Master;No;No;No;495;Off;No;No;None;48,06250000;11,20829964;Yes
37;#DB0SMU.Langerr;Digital;438,200000;430,60000;;1;1;None;BM;None;APRS;APRS;;;;Master;No;No;No;495;Off;No;No;None;48,10280000;10,77070000;Yes
38;#DB0RTA.Gilchin;Digital;438,362500;430,76250;;1;1;None;BM;None;APRS;APRS;;;;Master;No;No;No;495;Off;No;No;None;48,11050034;11,32419968;Yes
39;#DM0GER Germeri;Analogue;439,537500;431,93750;25;1;1;None;BM;None;APRS;APRS;;;;Master;No;No;No;495;Off;No;No;None;48,12450027;11,36330032;Yes
40;#DM0GER.Germeri;Digital;439,537500;431,93750;25;1;1;None;BM;None;APRS;APRS;;;;Master;No;No;No;495;Off;No;No;None;48,12450027;11,36330032;Yes
41;#DB0PUC.Puchhei;Digital;439,950000;430,55000;;1;1;None;BM;None;APRS;APRS;;;;Master;No;No;No;495;Off;No;No;None;48,16320038;11,34220028;Yes
42;#DB0FOX Augsbur;Analogue;439,362500;431,76250;25,0;;;;;None;;;None;;Disabled;Master;No;No;No;495;Off;No;No;None;48,29809952;10,89750004;Yes
43; DB0TTB Hohenpe;Analogue;145,650000;145,05000;12,5;;;;;None;;;None;141,3;Disabled;Master;No;No;No;495;Off;No;No;None;47,80099869;11,01420021;Yes
44;#DB0TTB.Hohenpe;Digital;439,587500;431,98750;;1;1;None;BM;None;APRS;APRS;;;;Master;No;No;No;495;Off;No;No;None;47,80099869;11,01420021;Yes
45;#DB0DM Mauerste;Analogue;439,400000;431,80000;25;;;;;None;;;None;;Disabled;Master;No;No;No;495;Off;No;No;None;47,88809967;10,67399979;Yes
46; DB0UV Muenchen;Analogue;433,175000;144,37500;25;;;;;None;;;123,0;123,0;Disabled;Master;No;No;No;495;Off;No;No;None;48,14339828;11,47459984;Yes
47;#DB0ROL Muenche;Analogue;439,237500;431,63750;25;;;;;None;;;141,3;;Disabled;Master;No;No;No;495;Off;No;No;None;48,09239960;11,49390030;Yes
48; DB0UA Augsburg;Analogue;145,637500;145,03750;25;;;;;None;;;None;88,5;Disabled;Master;No;No;No;495;Off;No;No;None;48,35589981;10,92420006;Yes
49;#DB0UA Augsburg;Analogue;438,675000;431,07500;25;;;;;None;;;None;88,5;Disabled;Master;No;No;No;495;Off;No;No;None;48,35609818;10,92420006;Yes
50;#DB0FDB Friedbe;Analogue;439,125000;431,52500;25;;;;;None;;;None;;Disabled;Master;No;No;No;495;Off;No;No;None;48,36449814;10,98540020;Yes
51;#DB0ULR Muenche;Analogue;439,325000;431,72500;25;;;;;None;;;None;123,0;Disabled;Master;No;No;No;495;Off;No;No;None;48,08689880;11,50349998;Yes
52;#DB0ZKA.Augsbur;Digital;439,562500;431,96250;;1;1;None;BM;None;APRS;APRS;;;;Master;No;No;No;495;Off;No;No;None;48,37049866;10,89780045;Yes
53;#DB0PV Muenchen;Analogue;438,525000;430,92500;25;;;;;None;;;None;;Disabled;Master;No;No;No;495;Off;No;No;None;48,11259842;11,54510021;Yes
54;#DM0KF.Kaufbeur;Digital;438,275000;430,67500;;1;1;None;BM;None;APRS;APRS;;;;Master;No;No;No;495;Off;No;No;None;47,87142200;10,61525000;Yes
55;#DB0TPS.Altomue;Digital;439,387500;431,78750;;1;1;None;BM;None;APRS;APRS;;;;Master;No;No;No;495;Off;No;No;None;48,39189911;11,20689964;Yes
56;#DB0TVM.Muenche;Digital;439,800000;430,40000;;1;1;None;BM;None;APRS;APRS;;;;Master;No;No;No;495;Off;No;No;None;48,17499924;11,55350018;Yes
57;#DB0NOT.Unterha;Digital;438,337500;430,73750;;1;1;None;BM;None;APRS;APRS;;;;Master;No;No;No;495;Off;No;No;None;48,06794000;11,60862000;Yes
58;#DB0OSH Obersch;Analogue;438,250000;430,65000;25;;;;;None;;;None;;Disabled;Master;No;No;No;495;Off;No;No;None;48,24269867;11,54920006;Yes
59;#DB0NJ Muenchen;Analogue;438,775000;431,17500;12,5;;;;;None;;;None;;Disabled;Master;No;No;No;495;Off;No;No;None;48,12819000;11,61217000;Yes
60;#DB0NJ.Muenchen;Digital;439,437500;431,83750;;1;1;None;BM;None;APRS;APRS;;;;Master;No;No;No;495;Off;No;No;None;48,12819000;11,61217000;Yes
61;#DB0LBB Murnau;Analogue;438,600000;431,00000;12,5;;;;;None;;;71,9;71,9;Disabled;Master;No;No;No;495;Off;No;No;None;47,68119812;11,19750023;Yes
62;#DM0WW.Bad.Kohl;Digital;439,850000;430,45000;;1;1;None;BM;None;APRS;APRS;;;;Master;No;No;No;495;Off;No;No;None;47,66680145;11,05060005;Yes
63;#DM0WW Bad Kohl;Analogue;438,962500;431,36250;12,5;;;;;None;;;None;71,9;Disabled;Master;No;No;No;495;Off;No;No;None;47,66680145;11,05060005;Yes
64;#DB0MOD Ruderat;Analogue;438,825000;431,22500;25;;;;;None;;;None;123,0;Disabled;Master;No;No;No;495;Off;No;No;None;47,82519913;10,56630039;Yes
65;#DB0BZA Munich;Analogue;438,412500;430,81250;25;1;1;None;BM;None;APRS;APRS;;;;Master;No;No;No;495;Off;No;No;None;48,19089890;11,61079979;Yes
66;#DB0BZA.Munich;Digital;438,412500;430,81250;25;1;1;None;BM;None;APRS;APRS;;;;Master;No;No;No;495;Off;No;No;None;48,19089890;11,61079979;Yes
67;#DB0ISW Bad Toe;Analogue;438,650000;431,05000;25;;;;;None;;;None;141,3;Disabled;Master;No;No;No;495;Off;No;No;None;47,77080154;11,45829964;Yes
68;#DB0VM Muenchen;Analogue;438,975000;431,37500;25;;;;;None;;;None;;Disabled;Master;No;No;No;495;Off;No;No;None;48,19379130;11,61806010;Yes
69;#DB0UFO.Neubibe;Digital;438,312500;430,71250;;1;1;None;BM;None;APRS;APRS;;;;Master;No;No;No;495;Off;No;No;None;48,07469940;11,67150021;Yes
70;#DB0ABX Oberamm;Analogue;439,137500;431,53750;25;;;;;None;;;None;;Disabled;Master;No;No;No;495;Off;No;No;None;47,60419846;11,12500000;Yes
71;#DB0EEE Erkheim;Analogue;439,250000;431,65000;25;;;;;None;;;None;136,5;Disabled;Master;No;No;No;495;Off;No;No;None;48,04150009;10,35350037;Yes
72;#DB0HKN.Holzkir;Digital;438,300000;430,70000;;1;1;None;BM;None;APRS;APRS;;;;Master;No;No;No;495;Off;No;No;None;47,88430023;11,69849968;Yes
73;#DB0TOL Bad Toe;Analogue;438,725000;431,12500;25;;;;;None;;;None;;Disabled;Master;No;No;No;495;Off;No;No;None;47,76250076;11,59130001;Yes
74; DB0TOL Bad Toe;Analogue;145,712500;145,11250;25;;;;;None;;;None;;Disabled;Master;No;No;No;495;Off;No;No;None;47,76210022;11,59130001;Yes
75;#DB0EEE.Erkheim;Digital;438,550000;430,95000;;1;1;None;BM;None;APRS;APRS;;;;Master;No;No;No;495;Off;No;No;None;48,03919983;10,32919979;Yes
76;#DM0QN.Vaterste;Digital;438,437500;430,83750;;1;1;None;BM;None;APRS;APRS;;;;Master;No;No;No;495;Off;No;No;None;48,10570145;11,77540016;Yes
77;#DM0QN Munich-E;Analogue;432,850000;432,85000;12,5;;;;;None;;;None;;Disabled;Master;No;No;No;495;Off;No;No;None;48,10894300;11,77937500;Yes
78;#DM0QN Vaterste;Analogue;438,350000;430,75000;25;;;;;None;;;123,0;123,0;Disabled;Master;No;No;No;495;Off;No;No;None;48,10894300;11,77937500;Yes
79;#DB0OAL Tegelbe;Analogue;438,937500;431,33750;25;;;;;None;;;123,0;123,0;Disabled;Master;No;No;No;495;Off;No;No;None;47,55970001;10,77900028;Yes
80;#DB0CP Pfaffenh;Analogue;439,025000;431,42500;12,5;0;1;None;BM;None;APRS;APRS;;;;Master;No;No;No;495;Off;No;No;None;48,52080154;11,45829964;Yes
81;#DB0CP.Pfaffenh;Digital;439,025000;431,42500;12,5;0;1;None;BM;None;APRS;APRS;;;;Master;No;No;No;495;Off;No;No;None;48,52080154;11,45829964;Yes
82;#DB0OAL Tegelbe;Analogue;439,912500;430,51250;25;1;1;None;BM;None;APRS;APRS;;;;Master;No;No;No;495;Off;No;No;None;47,55390167;10,77280045;Yes
83;#DB0OAL.Tegelbe;Digital;439,912500;430,51250;25;1;1;None;BM;None;APRS;APRS;;;;Master;No;No;No;495;Off;No;No;None;47,55390167;10,77280045;Yes
84;#DB0BU.Burgau;Digital;439,925000;430,52500;;1;1;None;BM;None;APRS;APRS;;;;Master;No;No;No;495;Off;No;No;None;48,42657900;10,42172500;Yes
85;#DM0GAP.Wank;Digital;439,012500;431,41250;;1;1;None;BM;None;APRS;APRS;;;;Master;No;No;No;495;Off;No;No;None;47,50930023;11,14299965;Yes
86; DM0GAP Wank;Analogue;145,612500;145,01250;12,5;;;;;None;;;None;123,0;Disabled;Master;No;No;No;495;Off;No;No;None;47,50899887;11,14299965;Yes
87;#DM0MHD Pfaffen;Analogue;432,800000;432,80000;25;;;;;None;;;None;;Disabled;Master;No;No;No;495;Off;No;No;None;48,52310181;11,51809978;Yes
88;#DM0MHD Pfaffen;Analogue;438,487500;430,88750;25;1;1;None;BM;None;APRS;APRS;;;;Master;No;No;No;495;Off;No;No;None;48,52310181;11,51809978;Yes
89;#DM0MHD.Pfaffen;Digital;438,487500;430,88750;25;1;1;None;BM;None;APRS;APRS;;;;Master;No;No;No;495;Off;No;No;None;48,52310181;11,51809978;Yes
90;#DB0TC Freising;Analogue;438,812500;431,21250;25;;;;;None;;;None;;Disabled;Master;No;No;No;495;Off;No;No;None;48,40145400;11,74135240;Yes
91;#DB0ON Oberneuc;Analogue;439,162500;431,56250;25;;;;;None;;;None;100,0;Disabled;Master;No;No;No;495;Off;No;No;None;48,23649800;11,86850000;Yes
92;#DB0SVX Memming;Analogue;438,762500;431,16250;25;;;;;None;;;None;123,0;Disabled;Master;No;No;No;495;Off;No;No;None;47,98379898;10,18019962;Yes
93;#DB0PME.Gmund;Digital;439,825000;430,42500;;1;1;None;BM;None;APRS;APRS;;;;Master;No;No;No;495;Off;No;No;None;47,75320053;11,77919960;Yes
94; DM0ZB Muenchen;Analogue;145,287500;145,28750;25;;;;;None;;;None;123,0;Disabled;Master;No;No;No;495;Off;No;No;None;48,02099991;11,92380047;Yes
95; DB0XF Holledau;Analogue;145,600000;145,00000;25;;;;;None;;;None;;Disabled;Master;No;No;No;495;Off;No;No;None;48,51829910;11,64990044;Yes
96;#DM0GZ Gundremm;Analogue;439,225000;431,62500;25;;;;;None;;;None;;Disabled;Master;No;No;No;495;Off;No;No;None;48,51309967;10,42029953;Yes
97;#DB0GRF Grafing;Analogue;438,912500;431,31250;12,5;1;1;None;BM;None;APRS;APRS;;;;Master;No;No;No;495;Off;No;No;None;48,06250000;11,95829964;Yes
98;#DB0GRF.Grafing;Digital;438,912500;431,31250;12,5;1;1;None;BM;None;APRS;APRS;;;;Master;No;No;No;495;Off;No;No;None;48,06250000;11,95829964;Yes
99;#DB0EBE Ebersbe;Analogue;439,037500;431,43750;12,5;;;;;None;;;123,0;123,0;Disabled;Master;No;No;No;495;Off;No;No;None;48,09014900;11,96138400;Yes
100;#DB0PM Hausham;Analogue;439,075000;431,47500;25;;;;;None;;;None;;Disabled;Master;No;No;No;495;Off;No;No;None;47,77090073;11,87500000;Yes
101; DB0EZ Erding;Analogue;145,337500;145,33750;25;;;;;None;;;None;67,0;Disabled;Master;No;No;No;495;Off;No;No;None;48,30170059;11,91450024;Yes
102;#DB0EZ Erding;Analogue;439,162500;431,56250;25;;;;;None;;;67,0;77,0;Disabled;Master;No;No;No;495;Off;No;No;None;48,30170059;11,91450024;Yes
103;#DB0TC Freising;Analogue;438,800000;431,20000;25;;;;;None;;;None;88,5;Disabled;Master;No;No;No;495;Off;No;No;None;48,43410110;11,81919956;Yes
104;#DB0FSG.Freisin;Digital;439,937500;430,53750;;1;1;None;BM;None;APRS;APRS;;;;Master;No;No;No;495;Off;No;No;None;48,43410110;11,81919956;Yes
105;#DB0TC Freising;Analogue;438,125000;430,52500;25;;;;;None;;;88,5;;Disabled;Master;No;No;No;495;Off;No;No;None;48,43410110;11,81919956;Yes
106;#DB0ZU Zugspitz;Analogue;438,850000;431,25000;25;;;;;None;;;None;88,5;Disabled;Master;No;No;No;495;Off;No;No;None;47,42129898;10,98470020;Yes
107; DB0ZU Zugspitz;Analogue;145,725000;145,12500;25;;;;;None;;;67,0;88,5;Disabled;Master;No;No;No;495;Off;No;No;None;47,42100143;10,98480034;Yes
108;#DB0POB.Pobenha;Digital;439,075000;431,47500;;1;1;None;BM;None;APRS;APRS;;;;Master;No;No;No;495;Off;No;No;None;48,65990067;11,38300037;Yes
109;#DM0RDT.Karlskr;Digital;439,825000;430,42500;;1;1;None;BM;None;APRS;APRS;;;;Master;No;No;No;495;Off;No;No;None;48,68262900;11,44643300;Yes
110; DM0ZHS Isen;Analogue;145,237500;145,23750;25;;;;;None;;;None;;Disabled;Master;No;No;No;495;Off;No;No;None;48,20569992;12,05179977;Yes
111;#DB0DON.Donauwo;Digital;438,575000;430,97500;;1;1;None;BM;None;APRS;APRS;;;;Master;No;No;No;495;Off;No;No;None;48,73329926;10,78929996;Yes
112; DB0DON Donauwo;Analogue;145,700000;145,10000;25;;;;;None;;;None;;Disabled;Master;No;No;No;495;Off;No;No;None;48,73360062;10,78929996;Yes
113;#DB0ED Obermail;Analogue;439,162500;431,56250;25;;;;;None;;;67,0;67,0;Disabled;Master;No;No;No;495;Off;No;No;None;48,28599930;12,03330040;Yes
114;#DB0ESS Gruente;Analogue;438,612500;431,01250;25;1;1;None;BM;None;APRS;APRS;;;;Master;No;No;No;495;Off;No;No;None;47,55419922;10,31669998;Yes
115;#DB0ESS.Gruente;Digital;438,612500;431,01250;25;1;1;None;BM;None;APRS;APRS;;;;Master;No;No;No;495;Off;No;No;None;47,55419922;10,31669998;Yes
116; DB0IN Ingolsta;Analogue;145,687500;145,08750;12,5;;;;;None;;;None;1750;Disabled;Master;No;No;No;495;Off;No;No;None;48,72499847;11,40750027;Yes
117;#DB0AU Bad Feil;Analogue;439,150000;431,55000;25,0;;;;;None;;;88,5;;Disabled;Master;No;No;No;495;Off;No;No;None;47,77328900;12,00946770;Yes
118;#DB0ROS.Rosenhe;Digital;438,575000;430,97500;;1;1;None;BM;None;APRS;APRS;;;;Master;No;No;No;495;Off;No;No;None;47,93330000;12,13330000;Yes
119; DM0ULR Wendels;Analogue;145,787500;145,18750;25;;;;;None;;;141,3;141,3;Disabled;Master;No;No;No;495;Off;No;No;None;47,70389938;12,01259995;Yes
120;#DM0ULR Wendels;Analogue;439,337500;431,73750;12,5;;;;;None;;;141,3;141,3;Disabled;Master;No;No;No;495;Off;No;No;None;47,70389938;12,01259995;Yes
121;#DM0ESS Sonthof;Analogue;438,562500;430,96250;25;1;1;None;BM;None;APRS;APRS;;;;Master;No;No;No;495;Off;No;No;None;47,51200104;10,28030014;Yes
122;#DM0ESS.Sonthof;Digital;438,562500;430,96250;25;1;1;None;BM;None;APRS;APRS;;;;Master;No;No;No;495;Off;No;No;None;47,51200104;10,28030014;Yes
123;#DM0ESS Sonthof;Analogue;439,312500;431,71250;25;;;;;None;;;123,0;123,0;Disabled;Master;No;No;No;495;Off;No;No;None;47,51200104;10,28030014;Yes
124;#DM0ESS.Sonthof;Digital;439,950000;430,55000;;1;1;None;BM;None;APRS;APRS;;;;Master;No;No;No;495;Off;No;No;None;47,51200104;10,28030014;Yes
125;#DB0TH Inning a;Analogue;439,162500;431,56250;25;;;;;None;;;67,0;250,3;Disabled;Master;No;No;No;495;Off;No;No;None;48,35639954;12,07549953;Yes
126;#DO0IN Ingolsta;Analogue;438,637500;431,03750;25,0;;;;;None;;;88,5;88,5;Disabled;Master;No;No;No;495;Off;No;No;None;48,76673950;11,42264980;Yes
127;#DM0FOX.Ingolst;Digital;439,862500;430,46250;;1;1;None;BM;None;APRS;APRS;;;;Master;No;No;No;495;Off;No;No;None;48,76649857;11,42580032;Yes
128;#DM0ING.Ingolst;Digital;438,687500;431,08750;;1;1;None;BM;None;APRS;APRS;;;;Master;No;No;No;495;Off;No;No;None;48,76906600;11,43851400;Yes
129; DB0FHR Rosenhe;Analogue;145,587500;144,98750;12,5;;;;;None;;;None;88,5;Disabled;Master;No;No;No;495;Off;No;No;None;47,86019000;12,13134000;Yes
130;#DB0AV Rosenhei;Analogue;439,100000;431,50000;12,5;;;;;None;;;None;;Disabled;Master;No;No;No;495;Off;No;No;None;47,86019000;12,13134000;Yes
131;#DM0ULM.Ulm;Digital;439,962500;430,56250;;1;1;None;BM;None;APRS;APRS;;;;Master;No;No;No;495;Off;No;No;None;48,43170166;10,01780033;Yes
132; DB0TF Ulm;Analogue;145,675000;145,07500;12,5;;;;;None;;;67,0;67,0;Disabled;Master;No;No;No;495;Off;No;No;None;48,43199921;10,01780033;Yes
133;#DB0ZD Immensta;Analogue;439,000000;431,40000;25;;;;;None;;;None;1750;Disabled;Master;No;No;No;495;Off;No;No;None;47,52090073;10,20829964;Yes
134;#DB0ZD.Immensta;Digital;438,887500;431,28750;;1;1;None;BM;None;APRS;APRS;;;;Master;No;No;No;495;Off;No;No;None;47,52090073;10,20829964;Yes
135;#DB0RDT Tauberf;Analogue;439,150000;431,55000;25;;;;;None;;;None;;Disabled;Master;No;No;No;495;Off;No;No;None;48,83250046;11,29279995;Yes
136;#DB0DN Dorfen;Analogue;439,162500;431,56250;25;;;;;None;;;None;123,0;Disabled;Master;No;No;No;495;Off;No;No;None;48,26290000;12,21700000;Yes
137;#DB0ULM.Univers;Digital;439,587500;431,98750;;2;1;None;BM;None;APRS;APRS;;;;Master;No;No;No;495;Off;No;No;None;48,41994100;9,94623000;Yes
138;#DB0ULM Ulm;Analogue;439,587500;431,98750;25;;;;;None;;;None;88,5;Disabled;Master;No;No;No;495;Off;No;No;None;48,42020035;9,94554996;Yes
139;#DB0TE Ulm;Analogue;438,900000;431,30000;25;;;;;None;;;None;;Disabled;Master;No;No;No;495;Off;No;No;None;48,43759918;9,95829964;Yes
140;#DB0BIB Biberac;Analogue;439,175000;431,57500;25;;;;;None;;;123,0;123,0;Disabled;Master;No;No;No;495;Off;No;No;None;48,09640121;9,81410027;Yes
141;#DB0ARD.Dornsta;Digital;438,450000;430,85000;;1;1;None;BM;None;APRS;APRS;;;;Master;No;No;No;495;Off;No;No;None;48,46540070;9,94314957;Yes
142;#DB0EIC Eichsta;Analogue;439,175000;431,57500;25;;;;;None;;;None;;Disabled;Master;No;No;No;495;Off;No;No;None;48,89580154;11,20829964;Yes
143;#DM0FFL Landshu;Analogue;438,950000;431,35000;25;;;;;None;;;None;71,9;Disabled;Master;No;No;No;495;Off;No;No;None;48,52080154;12,12500000;Yes
144;#DB0HDH Heidenh;Analogue;438,425000;430,82500;12,5;1;1;None;BM;None;APRS;APRS;;;;Master;No;No;No;495;Off;No;No;None;48,68939972;10,16110039;Yes
145;#DB0HDH.Heidenh;Digital;438,425000;430,82500;12,5;1;1;None;BM;None;APRS;APRS;;;;Master;No;No;No;495;Off;No;No;None;48,68939972;10,16110039;Yes
146;#DB0HOB.Rosenhe;Digital;438,425000;430,82500;;1;1;None;BM;None;APRS;APRS;;;;Master;No;No;No;495;Off;No;No;None;47,75030136;12,24720001;Yes
147;#DB0PE.Pfoerrin;Digital;438,462500;430,86250;;1;1;None;BM;None;APRS;APRS;;;;Master;No;No;No;495;Off;No;No;None;48,81176000;11,69235900;Yes
148;#DB0WB Winterbe;Analogue;438,750000;431,15000;12,5;;;;;None;;;None;;Disabled;Master;No;No;No;495;Off;No;No;None;48,18194444;12,32833333;Yes
149;#DM0FFL.Landshu;Digital;439,875000;430,47500;;1;1;None;BM;None;APRS;APRS;;;;Master;No;No;No;495;Off;No;No;None;48,56250000;12,12500000;Yes
150;#DB0OVL Landshu;Analogue;439,375000;431,77500;25;;;;;None;;;67,0;;Disabled;Master;No;No;No;495;Off;No;No;None;48,52249908;12,17169952;Yes
151; DB0LA Landshut;Analogue;145,762500;145,16250;25;;;;;None;;;None;;Disabled;Master;No;No;No;495;Off;No;No;None;48,54180145;12,16160011;Yes
152;#DB0TR Rosenhei;Analogue;438,700000;431,10000;12,5;;;;;None;;;None;88,5;Disabled;Master;No;No;No;495;Off;No;No;None;47,72919846;12,29170036;Yes
153;#DB0LC.Scheideg;Digital;439,375000;431,77500;;1;1;None;BM;None;APRS;APRS;;;;Master;No;No;No;495;Off;No;No;None;47,58250046;9,84953976;Yes
154;#DB0AA Aalen;Analogue;439,200000;431,60000;25;;;;;None;;;88,5;;Disabled;Master;No;No;No;495;Off;No;No;None;48,77080154;10,12500000;Yes
155;#DO0OKO Oberkoc;Analogue;438,787500;431,18750;25;1;1;None;BM;None;APRS;APRS;;;;Master;No;No;No;495;Off;No;No;None;48,78530121;10,10470009;Yes
156;#DO0OKO.Oberkoc;Digital;438,787500;431,18750;25;1;1;None;BM;None;APRS;APRS;;;;Master;No;No;No;495;Off;No;No;None;48,78530121;10,10470009;Yes
157;#DB0HEG Heidenh;Analogue;438,925000;431,32500;25;;;;;None;;;None;;Disabled;Master;No;No;No;495;Off;No;No;None;49,02080154;10,79170036;Yes
158;#DB0AMB Nennsli;Analogue;439,425000;431,82500;25;;;;;None;;;None;;Disabled;Master;No;No;No;495;Off;No;No;None;49,04539871;11,08730030;Yes
159;#DB0ERB.Ergolds;Digital;438,537500;430,93750;;1;1;None;BM;None;APRS;APRS;;;;Master;No;No;No;495;Off;No;No;None;48,69179916;12,20180035;Yes
160;#DB0RZ Uttenwei;Analogue;438,725000;431,12500;25;;;;;None;;;None;;Disabled;Master;No;No;No;495;Off;No;No;None;48,16180038;9,55480003;Yes
161;#DB0RZ.Uttenwei;Digital;439,825000;430,42500;;1;1;None;BM;None;APRS;APRS;;;;Master;No;No;No;495;Off;No;No;None;48,16180038;9,55480003;Yes
162;#DB0SAA.Aalen;Digital;438,475000;430,87500;;1;1;None;BM;None;APRS;APRS;;;;Master;No;No;No;495;Off;No;No;None;48,83800125;10,09169960;Yes
163;#DB0RV Ravensbu;Analogue;439,412500;431,81250;12,5;1;1;None;BM;None;APRS;APRS;;;;Master;No;No;No;495;Off;No;No;None;47,81050110;9,58850002;Yes
164;#DB0RV.Ravensbu;Digital;439,412500;431,81250;12,5;1;1;None;BM;None;APRS;APRS;;;;Master;No;No;No;495;Off;No;No;None;47,81050110;9,58850002;Yes
165; DB0FFL Bergham;Analogue;145,612500;145,01250;25;;;;;None;;;None;;Disabled;Master;No;No;No;495;Off;No;No;None;48,58700180;12,34379959;Yes
166; DB0RIG Donzdor;Analogue;145,775000;145,17500;25;;;;;None;;;None;1750;Disabled;Master;No;No;No;495;Off;No;No;None;48,68799973;9,84070015;Yes
167;#DB0RIG Donzdor;Analogue;439,050000;431,45000;25;;;;;None;;;None;1750;Disabled;Master;No;No;No;495;Off;No;No;None;48,68889999;9,84070015;Yes
168;#DB0XIM Polling;Analogue;430,025000;430,02500;25;;;;;None;;;None;110,9;Disabled;Master;No;No;No;495;Off;No;No;None;48,21469879;12,55179977;Yes
169;#DB0TMH.Trautma;Digital;438,587500;430,98750;;1;1;None;BM;None;APRS;APRS;;;;Master;No;No;No;495;Off;No;No;None;49,07730103;11,17529964;Yes
170;#DB0THM Thalmae;Analogue;438,512500;430,91250;25;1;1;None;BM;None;APRS;APRS;;;;Master;No;No;No;495;Off;No;No;None;49,07759857;11,17529964;Yes
171;#DB0THM.Thalmae;Digital;438,512500;430,91250;25;1;1;None;BM;None;APRS;APRS;;;;Master;No;No;No;495;Off;No;No;None;49,07759857;11,17529964;Yes
172;#DB0WBZ.Thalmae;Digital;439,512500;431,91250;;1;1;None;BM;None;APRS;APRS;;;;Master;No;No;No;495;Off;No;No;None;49,08130000;11,18536000;Yes
173;#DB0HBG Hesselb;Analogue;439,087500;431,48750;25;;;;;None;;;None;;Disabled;Master;No;No;No;495;Off;No;No;None;49,05160141;10,55700016;Yes
174; DB0HBG Hesselb;Analogue;145,237500;145,23750;25;;;;;None;;;None;;Disabled;Master;No;No;No;495;Off;No;No;None;49,06600189;10,53600025;Yes
175;#DM0CW Kirchwei;Analogue;439,412500;431,81250;25,0;;;;;None;;;None;;Disabled;Master;No;No;No;495;Off;No;No;None;48,08596700;12,64350310;Yes
176;.DB0MMR.Burgkir;Digital;145,575000;144,97500;;8;1;None;BM;None;APRS;APRS;;;;Master;No;No;No;495;Off;No;No;None;48,13930000;12,66860000;Yes
177;#DB0MMR.Burgkir;Digital;438,212500;430,61250;;8;1;None;BM;None;APRS;APRS;;;;Master;No;No;No;495;Off;No;No;None;48,13930130;12,66860962;Yes
178;#DB0MMR Halsbac;Analogue;438,637500;431,03750;25,0;;;;;None;;;123,0;123,0;Disabled;Master;No;No;No;495;Off;No;No;None;48,12519180;12,67607430;Yes
179;#DB0TRS Traunst;Analogue;439,125000;431,52500;12,5;;;;;None;;;None;;Disabled;Master;No;No;No;495;Off;No;No;None;47,83819962;12,65299988;Yes
180;#DB0AAT.Traunst;Digital;439,550000;431,95000;;1;1;None;BM;None;APRS;APRS;;;;Master;No;No;No;495;Off;No;No;None;47,84120178;12,65489960;Yes
181;#DB0QP Wald bei;Analogue;439,200000;431,60000;25;1;1;None;BM;None;APRS;APRS;;;;Master;No;No;No;495;Off;No;No;None;48,31460190;12,65760040;Yes
182;#DB0QP.Wald.bei;Digital;439,200000;431,60000;25;1;1;None;BM;None;APRS;APRS;;;;Master;No;No;No;495;Off;No;No;None;48,31460190;12,65760040;Yes
183;#DB0XTK.Neuoett;Digital;438,362500;430,76250;;1;1;None;BM;None;APRS;APRS;;;;Master;No;No;No;495;Off;No;No;None;48,23669000;12,68412000;Yes
184;#DB0WV Hoechste;Analogue;438,687500;431,08750;25,0;1;1;None;BM;None;APRS;APRS;;;;Master;No;No;No;495;Off;No;No;None;47,82282500;9,40148900;Yes
185;#DB0WV.Hoechste;Digital;438,687500;431,08750;25,0;1;1;None;BM;None;APRS;APRS;;;;Master;No;No;No;495;Off;No;No;None;47,82282500;9,40148900;Yes
186; DB0WV Hoechste;Analogue;145,625000;145,02500;25;;;;;None;;;None;;Disabled;Master;No;No;No;495;Off;No;No;None;47,82249832;9,40133953;Yes
187;#DB0RKS Burgkir;Analogue;431,900000;439,50000;25;;;;;None;;;None;123,0;Disabled;Master;No;No;No;495;Off;No;No;None;48,17720032;12,71669960;Yes
188; DM0QP Fuchsber;Analogue;145,625000;145,02500;12,5;;;;;None;;;None;;Disabled;Master;No;No;No;495;Off;No;No;None;48,41444444;12,65750000;Yes
189;#DB0BMW Pentlin;Analogue;438,762500;431,16250;25,0;;;;;None;;;71,9;;Disabled;Master;No;No;No;495;Off;No;No;None;48,97800000;12,04720000;Yes
190;#DB0ERG Landshu;Analogue;439,350000;431,75000;25;;;;;None;;;None;;Disabled;Master;No;No;No;495;Off;No;No;None;48,77080154;12,37500000;Yes
191;#DM0MGN.Mengen;Digital;438,350000;430,75000;;1;1;None;BM;None;APRS;APRS;;;;Master;No;No;No;495;Off;No;No;None;48,05020142;9,33533001;Yes
192;#DB0NFB.Deggenh;Digital;438,425000;430,82500;;1;1;None;BM;None;APRS;APRS;;;;Master;No;No;No;495;Off;No;No;None;47,81200000;9,37500000;Yes
193; DB0XG Mühlhaus;Analogue;145,775000;145,17500;12,5;;;;;None;;;77,0;77,0;Disabled;Master;No;No;No;495;Off;No;No;None;49,18220000;11,40920000;Yes
194;#DB0XG Mühlhaus;Analogue;439,050000;431,45000;12,5;;;;;None;;;None;;Disabled;Master;No;No;No;495;Off;No;No;None;49,18220000;11,40920000;Yes
195;#DB0RP Regensbu;Analogue;438,900000;431,30000;25,0;;;;;None;;;None;1750;Disabled;Master;No;No;No;495;Off;No;No;None;48,98659897;12,09060001;Yes
196;#DB0RP Regensbu;Analogue;439,100000;431,50000;25;1;1;None;BM;None;APRS;APRS;;;;Master;No;No;No;495;Off;No;No;None;48,98659897;12,09060001;Yes
197;#DB0RP.Regensbu;Digital;439,100000;431,50000;25;1;1;None;BM;None;APRS;APRS;;;;Master;No;No;No;495;Off;No;No;None;48,98659897;12,09060001;Yes
198;#DB0BKN Eschlbe;Analogue;439,250000;431,65000;25;;;;;None;;;None;;Disabled;Master;No;No;No;495;Off;No;No;None;48,17129898;12,77169991;Yes
199; DM0EL Emmertin;Analogue;145,337500;145,33750;25;;;;;None;;;None;;Disabled;Master;No;No;No;495;Off;No;No;None;48,19940186;12,76840019;Yes
200; DB0TEK Kirchhe;Analogue;145,650000;145,05000;12,5;;;;;None;;;None;123,0;Disabled;Master;No;No;No;495;Off;No;No;None;48,58893000;9,47026200;Yes
201;#DB0FIG Immenst;Analogue;438,787500;431,18750;25;;;;;None;;;None;;Disabled;Master;No;No;No;495;Off;No;No;None;47,67430115;9,38115025;Yes
202;#DB0ISA Erkenbr;Analogue;439,412500;431,81250;25;;;;;None;;;None;;Disabled;Master;No;No;No;495;Off;No;No;None;48,55960083;9,43387032;Yes
203;#DO0TEK Kirchhe;Analogue;439,250000;431,65000;12,5;;;;;None;;;123,0;1750;Disabled;Master;No;No;No;495;Off;No;No;None;48,64718800;9,48112900;Yes
204;#DB0LP Parsberg;Analogue;439,325000;431,72500;25;;;;;None;;;None;;Disabled;Master;No;No;No;495;Off;No;No;None;49,16299820;11,73069954;Yes
205;#DB0DMR.Feuchtw;Digital;439,475000;431,87500;;1;1;None;BM;None;APRS;APRS;;;;Master;No;No;No;495;Off;No;No;None;49,15830000;10,32780000;Yes
206;#DB0FEU Feuchtw;Analogue;438,700000;431,10000;25;;;;;None;;;None;;Disabled;Master;No;No;No;495;Off;No;No;None;49,15829849;10,32649994;Yes
207;#DB0FEU Feuchtw;Analogue;438,375000;430,77500;25;;;;;None;;;None;;Disabled;Master;No;No;No;495;Off;No;No;None;49,15829849;10,32649994;Yes
208;#DB0FEU.Feuchtw;Digital;439,575000;431,97500;;1;1;None;BM;None;APRS;APRS;;;;Master;No;No;No;495;Off;No;No;None;49,15859985;10,32649994;Yes
209;#DB0FEU.Feuchtw;Digital;439,900000;430,50000;;1;1;None;BM;None;APRS;APRS;;;;Master;No;No;No;495;Off;No;No;None;49,15859985;10,32649994;Yes
210;#DM0BGH Burghau;Analogue;438,625000;431,02500;25;;;;;None;;;None;;Disabled;Master;No;No;No;495;Off;No;No;None;48,17710114;12,83450031;Yes
211;#DM0BGH.Burghau;Digital;439,425000;431,82500;;1;1;None;BM;None;APRS;APRS;;;;Master;No;No;No;495;Off;No;No;None;48,17702100;12,83799600;Yes
212;#DB0SDO.Urbach;Digital;439,950000;430,55000;;1;1;None;BM;None;APRS;APRS;;;;Master;No;No;No;495;Off;No;No;None;48,80910000;9,57650000;Yes
213;#DB0SDO.Schornd;Digital;439,300000;431,70000;;1;1;None;BM;None;APRS;APRS;;;;Master;No;No;No;495;Off;No;No;None;48,80920029;9,57658005;Yes
214;#DO0SG.Urbach;Digital;430,387500;430,38750;;1;1;None;BM;None;APRS;APRS;;;;Master;No;No;No;495;Off;No;No;None;48,81650162;9,58316994;Yes
215; DB0TK Regensbu;Analogue;145,750000;145,15000;25;;;;;None;;;100,0;1750;Disabled;Master;No;No;No;495;Off;No;No;None;49,03991700;12,16201100;Yes
216;#DM0RH Kammerst;Analogue;439,187500;431,58750;12,5;;;;;None;;;88,5;;Disabled;Master;No;No;No;495;Off;No;No;None;49,29119873;10,98849964;Yes
217;#DM0SC Schwabac;Analogue;438,987500;431,38750;25;;;;;None;;;None;;Disabled;Master;No;No;No;495;Off;No;No;None;49,31340027;11,04969978;Yes
218;#DB0MTZ Metzing;Analogue;439,162500;431,56250;12,5;;;;;None;;;D023;;Disabled;Master;No;No;No;495;Off;No;No;None;48,53789902;9,28948021;Yes
219; DB0AND Ansbach;Analogue;145,787500;145,18750;25;;;;;None;;;None;None;Disabled;Master;No;No;No;495;Off;No;No;None;49,28910065;10,57240009;Yes
220;#DB0ANU Ansbach;Analogue;439,400000;431,80000;25;;;;;None;;;None;1750;Disabled;Master;No;No;No;495;Off;No;No;None;49,28939819;10,57240009;Yes
221;#DB0TD Crailshe;Analogue;438,800000;431,20000;25;;;;;None;;;None;;Disabled;Master;No;No;No;495;Off;No;No;None;49,12070084;9,97560978;Yes
222;#DB0CRA.Crailsh;Digital;438,537500;430,93750;;1;1;None;BM;None;APRS;APRS;;;;Master;No;No;No;495;Off;No;No;None;49,12070084;9,97560024;Yes
223;#DB0UHF Kaisers;Analogue;438,600000;431,00000;25;;;;;None;;;None;;Disabled;Master;No;No;No;495;Off;No;No;None;48,93199921;9,63708019;Yes
224;#DM0DB.Dillberg;Digital;438,887500;431,28750;;1;1;None;BM;None;APRS;APRS;;;;Master;No;No;No;495;Off;No;No;None;49,32419968;11,38160038;Yes
225; DB0TI Reutling;Analogue;145,237500;145,23750;25;;;;;None;;;None;;Disabled;Master;No;No;No;495;Off;No;No;None;48,50579834;9,19750023;Yes
226;#DB0TI Reutling;Analogue;438,950000;431,35000;25;;;;;None;;;None;;Disabled;Master;No;No;No;495;Off;No;No;None;48,50579834;9,19750023;Yes
227;#DB0FMS.Reutlin;Digital;439,337500;431,73750;;1;1;None;BM;None;APRS;APRS;;;;Master;No;No;No;495;Off;No;No;None;48,50569916;9,19666004;Yes
228;#DO0KD.Denkendo;Digital;439,975000;430,57500;;0;1;None;BM;None;APRS;APRS;;;;Master;No;No;No;495;Off;No;No;None;48,69737790;9,32030470;Yes
229; DB0ROB Rossber;Analogue;145,587500;144,98750;25;;;;;None;;;114,8;114,8;Disabled;Master;No;No;No;495;Off;No;No;None;48,41780090;9,14280033;Yes
230;#DB0ROB.Rossber;Digital;438,225000;430,62500;;1;1;None;BM;None;APRS;APRS;;;;Master;No;No;No;495;Off;No;No;None;48,41780090;9,14280033;Yes
231;#DM0KB.Konstanz;Digital;439,300000;431,70000;;1;1;None;BM;None;APRS;APRS;;;;Master;No;No;No;495;Off;No;No;None;47,65969849;9,17166996;Yes
232; DM0KB Konstanz;Analogue;145,600000;145,00000;25;1;1;None;BM;None;APRS;APRS;;;;Master;No;No;No;495;Off;No;No;None;47,65970200;9,17164300;Yes
233;.DM0KB.Konstanz;Digital;145,600000;145,00000;25;1;1;None;BM;None;APRS;APRS;;;;Master;No;No;No;495;Off;No;No;None;47,65970200;9,17164300;Yes
234; DK0TEN Sipplin;Analogue;145,750000;145,15000;25;;;;;None;;;None;;Disabled;Master;No;No;No;495;Off;No;No;None;47,80759811;9,11034012;Yes
235;#DB0OFI Ostfild;Analogue;439,937500;430,53750;25,0;;;;;None;;;88,5;88,5;Disabled;Master;No;No;No;495;Off;No;No;None;48,70972183;9,30833333;Yes
236;#DB0STD Burglen;Analogue;438,600000;431,00000;25;;;;;None;;;None;;Disabled;Master;No;No;No;495;Off;No;No;None;49,20660019;12,04170036;Yes
237;#DB0TMH Trautma;Analogue;438,300000;430,70000;25,0;;;;;None;;;None;;Disabled;Master;No;No;No;495;Off;No;No;None;49,34462280;11,56479200;Yes
238; DB0TMH Trautma;Analogue;145,762500;145,16250;12,5;;;;;None;;;88,5;88,5;Disabled;Master;No;No;No;495;Off;No;No;None;49,34500000;11,56430000;Yes
239;#DB0TMH Trautma;Analogue;438,725000;431,12500;25;;;;;None;;;None;;Disabled;Master;No;No;No;495;Off;No;No;None;49,34590149;11,56280041;Yes
240;#DB0RMK Berglen;Analogue;438,987500;431,38750;25;;;;;None;;;127,3;;Disabled;Master;No;No;No;495;Off;No;No;None;48,89130020;9,45405006;Yes
241;#DB0TMH Trautma;Analogue;438,712500;431,11250;25;;;;;None;;;None;;Disabled;Master;No;No;No;495;Off;No;No;None;49,36000061;11,56330013;Yes
242;#DB0DEL Delmenh;Analogue;439,000000;431,40000;25;;;;;None;;;None;123,0;Disabled;Master;No;No;No;495;Off;No;No;None;53,03870010;8,56190014;Yes
243;#DB0DEL.Delmenh;Digital;439,925000;430,52500;;2;1;None;BM;None;APRS;APRS;;;;Master;No;No;No;495;Off;No;No;None;53,03870010;8,56190014;Yes
244;#DB0BNV Bremen;Analogue;438,725000;431,12500;25;;;;;None;;;None;110,9;Disabled;Master;No;No;No;495;Off;No;No;None;53,17309952;8,61748028;Yes
245;#DB0BNV.Bremen;Digital;438,512500;430,91250;;1;1;None;BM;None;APRS;APRS;;;;Master;No;No;No;495;Off;No;No;None;53,17309952;8,61748028;Yes
246;#DB0BNV Bremen;Analogue;439,825000;430,42500;25,0;;;;;None;;;None;;Disabled;Master;No;No;No;495;Off;No;No;None;53,17309952;8,61748028;Yes
247;#DB0HFT Bremen;Analogue;438,875000;431,27500;25;;;;;None;;;74,4;74,4;Disabled;Master;No;No;No;495;Off;No;No;None;53,07220078;8,79419994;Yes
248;#DB0OZ Bremen;Analogue;438,825000;431,22500;25;;;;;None;;;None;;Disabled;Master;No;No;No;495;Off;No;No;None;53,09540176;8,79125023;Yes
249;#DB0OZ.Bremen;Digital;438,325000;430,72500;;1;1;None;BM;None;APRS;APRS;;;;Master;No;No;No;495;Off;No;No;None;53,09540176;8,79125023;Yes
250;#DM0WF Bremen;Analogue;439,050000;431,45000;25;;;;;None;;;None;;Disabled;Master;No;No;No;495;Off;No;No;None;53,07929993;8,80169010;Yes
251; DB0WU Bremen;Analogue;145,625000;145,02500;25;;;;;None;;;None;;Disabled;Master;No;No;No;495;Off;No;No;None;53,08269882;8,81140041;Yes
252;#DB0AUE.Wildesh;Digital;439,037500;431,43750;;1;1;None;BM;None;APRS;APRS;;;;Master;No;No;No;495;Off;No;No;None;52,89899826;8,35449982;Yes
253;#DB0WDH Wildesh;Analogue;438,900000;431,30000;25,0;;;;;None;;;None;;Disabled;Master;No;No;No;495;Off;No;No;None;52,86098710;8,40253130;Yes
254;#DB0OL Oldenbur;Analogue;438,650000;431,05000;25;;;;;None;;;None;;Disabled;Master;No;No;No;495;Off;No;No;None;53,14179993;8,24219990;Yes
255;#DB0OL.Oldenbur;Digital;438,375000;430,77500;;1;1;None;BM;None;APRS;APRS;;;;Master;No;No;No;495;Off;No;No;None;53,14179993;8,24219990;Yes
256; DB0OLD Oldenbu;Analogue;145,612500;145,01250;12,5;;;;;None;;;123,0;123,0;Disabled;Master;No;No;No;495;Off;No;No;None;53,14390182;8,22027969;Yes
257; DB0PDF Oldenbu;Analogue;145,675000;145,07500;25;;;;;None;;;None;;Disabled;Master;No;No;No;495;Off;No;No;None;52,93470001;8,23005962;Yes
258;#DB0TG Teufelsm;Analogue;438,975000;431,37500;25;;;;;None;;;None;;Disabled;Master;No;No;No;495;Off;No;No;None;53,27059937;8,79170036;Yes
259;#DB0WSM Brake;Analogue;439,087500;431,48750;12,5;;;;;None;;;None;123,0;Disabled;Master;No;No;No;495;Off;No;No;None;53,33610153;8,46057987;Yes
260;.DB0AL.Langwede;Digital;145,587500;144,98750;;1;1;None;BM;None;APRS;APRS;;;;Master;No;No;No;495;Off;No;No;None;52,97850037;9,17098999;Yes
261;#DB0VER.Verden;Digital;439,150000;431,55000;;1;1;None;BM;None;APRS;APRS;;;;Master;No;No;No;495;Off;No;No;None;52,99850082;9,27000046;Yes
262;#DB0FTN.Bremerh;Digital;439,887500;430,48750;;1;1;None;BM;None;APRS;APRS;;;;Master;No;No;No;495;Off;No;No;None;53,53960037;8,58094025;Yes
263;#DB0QC Bremerha;Analogue;439,025000;431,42500;25;;;;;None;;;None;1750;Disabled;Master;No;No;No;495;Off;No;No;None;53,54230118;8,57779026;Yes
264; DB0BHN Bremerh;Analogue;145,762500;145,16250;12,5;1;1;None;BM;None;APRS;APRS;;;;Master;No;No;No;495;Off;No;No;None;53,54819870;8,57929993;Yes
265;.DB0BHN.Bremerh;Digital;145,762500;145,16250;12,5;1;1;None;BM;None;APRS;APRS;;;;Master;No;No;No;495;Off;No;No;None;53,54819870;8,57929993;Yes
266; DB0RTN Rotenbu;Analogue;145,287500;145,28750;25;;;;;None;;;None;;Disabled;Master;No;No;No;495;Off;No;No;None;53,10850143;9,39680004;Yes
267;#DB0RTN Rotenbu;Analogue;439,437500;431,83750;25,0;;;;;None;;;None;;Disabled;Master;No;No;No;495;Off;No;No;None;53,10879898;9,39680004;Yes
268;#DB0EWB Bremerv;Analogue;439,175000;431,57500;12,5;;;;;None;;;None;1750;Disabled;Master;No;No;No;495;Off;No;No;None;53,46820068;9,03310013;Yes
269; DB0WAG Wagenfe;Analogue;145,750000;145,15000;12,5;;;;;None;;;67,0;67,0;Disabled;Master;No;No;No;495;Off;No;No;None;52,53570500;8,55493200;Yes
270;#DB0WTV.Wilhelm;Digital;439,850000;430,45000;;1;1;None;BM;None;APRS;APRS;;;;Master;No;No;No;495;Off;No;No;None;53,51589966;8,14542007;Yes
271;#DB0WTV.Wilhelm;Digital;439,475000;431,87500;;1;1;None;BM;None;APRS;APRS;;;;Master;No;No;No;495;Off;No;No;None;53,51590900;8,14541400;Yes
272;#DB0WTV Wilhelm;Analogue;438,750000;431,15000;25;;;;;None;;;None;;Disabled;Master;No;No;No;495;Off;No;No;None;53,51580048;8,14500046;Yes
273;#DB0DAM.Dammer.;Digital;439,862500;430,46250;;1;1;None;BM;None;APRS;APRS;;;;Master;No;No;No;495;Off;No;No;None;52,55839920;8,21055984;Yes
274;#DB0DAM Dammer ;Analogue;438,950000;431,35000;25;;;;;None;;;None;123,0;Disabled;Master;No;No;No;495;Off;No;No;None;52,55810165;8,21055984;Yes
275; DB0BHV Bremerh;Analogue;145,600000;145,00000;12,5;;;;;None;;;None;74,4;Disabled;Master;No;No;No;495;Off;No;No;None;53,58750153;8,61060047;Yes
276;#DB0BHV.Bremerh;Digital;438,475000;430,87500;;1;1;None;BM;None;APRS;APRS;;;;Master;No;No;No;495;Off;No;No;None;53,58750153;8,61089993;Yes
277;#DB0BRV Bremerv;Analogue;438,462500;430,86250;12,5;1;1;None;BM;None;APRS;APRS;;;;Master;No;No;No;495;Off;No;No;None;53,48200000;9,14300000;Yes
278;#DB0BRV.Bremerv;Digital;438,462500;430,86250;12,5;1;1;None;BM;None;APRS;APRS;;;;Master;No;No;No;495;Off;No;No;None;53,48200000;9,14300000;Yes
279; DB0WY Rahden-W;Analogue;145,650000;145,05000;12,5;;;;;None;;;67,0;;Disabled;Master;No;No;No;495;Off;No;No;None;52,46139908;8,65279961;Yes
280;#DB0LOL Loening;Analogue;438,637500;431,03750;25,0;;;;;None;;;None;123,0;Disabled;Master;No;No;No;495;Off;No;No;None;52,73652600;7,69170000;Yes
281; DB0ELR Papenbu;Analogue;145,787500;145,18750;25;;;;;None;;;None;123,0;Disabled;Master;No;No;No;495;Off;No;No;None;52,85089874;7,52132988;Yes
282;#DB0EMS Papenbu;Analogue;439,400000;431,80000;25;;;;;None;;;None;123,0;Disabled;Master;No;No;No;495;Off;No;No;None;52,85060120;7,52132988;Yes
283;#DB0ZP Nienburg;Analogue;439,100000;431,50000;25;;;;;None;;;None;1750;Disabled;Master;No;No;No;495;Off;No;No;None;52,56930161;9,32499981;Yes
284;#DB0RNG Droegen;Analogue;439,387500;431,78750;25;;;;;None;;;None;;Disabled;Master;No;No;No;495;Off;No;No;None;53,01530075;9,67016983;Yes
285;#DB0TEN.Bomlitz;Digital;439,212500;431,61250;;1;1;None;BM;None;APRS;APRS;;;;Master;No;No;No;495;Off;No;No;None;52,90470123;9,65824986;Yes
286; DB0WO Leer;Analogue;145,700000;145,10000;25;;;;;None;;;None;;Disabled;Master;No;No;No;495;Off;No;No;None;53,23699951;7,46929979;Yes
287;#DB0LER Leer;Analogue;438,575000;430,97500;25;;;;;None;;;None;;Disabled;Master;No;No;No;495;Off;No;No;None;53,23730087;7,46929979;Yes
288;#DB0WO.Leer;Digital;438,300000;430,70000;;1;1;None;BM;None;APRS;APRS;;;;Master;No;No;No;495;Off;No;No;None;53,23730087;7,46929979;Yes
289;#DB0PBG Papenbu;Analogue;439,225000;431,62500;25;1;1;None;BM;None;APRS;APRS;;;;Master;No;No;No;495;Off;No;No;None;53,08219910;7,40229988;Yes
290;#DB0PBG.Papenbu;Digital;439,225000;431,62500;25;1;1;None;BM;None;APRS;APRS;;;;Master;No;No;No;495;Off;No;No;None;53,08219910;7,40229988;Yes
291; DB0XW Wittmund;Analogue;145,775000;145,17500;25;;;;;None;;;None;71,9;Disabled;Master;No;No;No;495;Off;No;No;None;53,56760025;7,72168016;Yes
292;#DB0HT Tostedt;Analogue;439,125000;431,52500;25;;;;;None;;;None;1750;Disabled;Master;No;No;No;495;Off;No;No;None;53,28410000;9,70590000;Yes
293;#DB0RCH Schwarm;Analogue;439,062500;431,46250;25;;;;;None;;;None;;Disabled;Master;No;No;No;495;Off;No;No;None;52,67770004;9,62349987;Yes
294;#DB0SFA Dorfmar;Analogue;438,675000;431,07500;25;;;;;None;;;None;;Disabled;Master;No;No;No;495;Off;No;No;None;52,89989853;9,76710033;Yes
295;#DB0WOT Wingst;Analogue;438,600000;431,00000;12,5;;;;;None;;;79,7;79,7;Disabled;Master;No;No;No;495;Off;No;No;None;53,74230000;9,07600000;Yes
296;#DB0XJ Stade;Analogue;438,800000;431,20000;12,5;;;;;None;;;88,5;88,5;Disabled;Master;No;No;No;495;Off;No;No;None;53,59609985;9,44303036;Yes
297;#DM0MAX Wieheng;Analogue;438,275000;430,67500;25;;;;;None;;;88,5;;Disabled;Master;No;No;No;495;Off;No;No;None;52,29059982;8,70180988;Yes
298;#DM0MAX Wieheng;Analogue;438,737500;431,13750;25;;;;;None;;;None;1750;Disabled;Master;No;No;No;495;Off;No;No;None;52,29059982;8,70180988;Yes
299; DB0SM Meppen;Analogue;145,725000;145,12500;25;;;;;None;;;None;123,0;Disabled;Master;No;No;No;495;Off;No;No;None;52,72919846;7,37500000;Yes
300;#DB0STH Wunstor;Analogue;438,662500;431,06250;12,5;;;;;None;;;85,4;85,4;Disabled;Master;No;No;No;495;Off;No;No;None;52,44816980;9,42001710;Yes
301;#DB0STH Klein H;Analogue;438,662500;431,06250;25;;;;;None;;;85,4;85,4;Disabled;Master;No;No;No;495;Off;No;No;None;52,44806900;9,42008500;Yes
302; DB0STM Bokeloh;Analogue;145,612500;145,01250;25;;;;;None;;;None;1750;Disabled;Master;No;No;No;495;Off;No;No;None;52,41618500;9,36258900;Yes
303;#DM0ZMI Minden;Analogue;432,825000;432,82500;25;;;;;None;;;None;;Disabled;Master;No;No;No;495;Off;No;No;None;52,28519821;8,95816994;Yes
304;#DB0CHV.Cuxhave;Digital;438,275000;430,67500;;1;1;None;BM;None;APRS;APRS;;;;Master;No;No;No;495;Off;No;No;None;53,85699844;8,67716980;Yes
305;#DB0SAH.Cuxhave;Digital;438,362500;430,76250;;1;1;None;BM;None;APRS;APRS;;;;Master;No;No;No;495;Off;No;No;None;53,86220169;8,59904003;Yes
306;#DB0CU Cuxhaven;Analogue;439,375000;431,77500;25;;;;;None;;;None;67,0;Disabled;Master;No;No;No;495;Off;No;No;None;53,86330032;8,69769955;Yes
307;#DB0BUC.Buchhol;Digital;438,637500;431,03750;;1;1;None;BM;None;APRS;APRS;;;;Master;No;No;No;495;Off;No;No;None;53,31769943;9,86948013;Yes
308; DB0RH Wardboeh;Analogue;145,700000;145,10000;25;;;;;None;;;None;;Disabled;Master;No;No;No;495;Off;No;No;None;52,85240173;9,90699005;Yes
309;#DB0MIN Minden;Analogue;439,375000;431,77500;25;;;;;None;;;None;;Disabled;Master;No;No;No;495;Off;No;No;None;52,24200058;8,93570042;Yes
310;#DB0VL Lingen;Analogue;439,050000;431,45000;12,5;1;1;None;BM;None;APRS;APRS;;;;Master;No;No;No;495;Off;No;No;None;52,50500107;7,49105978;Yes
311;#DB0VL.Lingen;Digital;439,050000;431,45000;12,5;1;1;None;BM;None;APRS;APRS;;;;Master;No;No;No;495;Off;No;No;None;52,50500107;7,49105978;Yes
312;#DF0HHH Rosenga;Analogue;439,575000;431,97500;25;;;;;None;;;None;;Disabled;Master;No;No;No;495;Off;No;No;None;53,39659882;9,86532974;Yes
313;#DF0HHH Rosenga;Analogue;438,700000;431,10000;25;;;;;None;;;None;;Disabled;Master;No;No;No;495;Off;No;No;None;53,39690018;9,86532974;Yes
314;#DB0XXL Bueckeb;Analogue;438,925000;431,32500;25;;;;;None;;;None;;Disabled;Master;No;No;No;495;Off;No;No;None;52,23229980;9,00790024;Yes
315;#DB0LH Loehne;Analogue;439,125000;431,52500;25;;;;;None;;;None;;Disabled;Master;No;No;No;495;Off;No;No;None;52,18410110;8,71249962;Yes
316;#DB0RI Rinteln;Analogue;438,562500;430,96250;25;;;;;None;;;None;67,0;Disabled;Master;No;No;No;495;Off;No;No;None;52,21379852;9,09117985;Yes
317; DB0XH Hamburg;Analogue;145,662500;145,06250;25;;;;;None;;;None;;Disabled;Master;No;No;No;495;Off;No;No;None;53,56719971;9,78429031;Yes
318;#DB0HDF Hermsdo;Analogue;439,700000;434,90000;25;;;;;None;;;None;;Disabled;Master;No;No;No;495;Off;No;No;None;50,90739822;11,85280037;Yes
319;#DB0GER Gera;Analogue;438,850000;431,25000;25;;;;;None;;;None;;Disabled;Master;No;No;No;495;Off;No;No;None;50,88209915;12,12409973;Yes
320;#DB0JNA Jena-Bu;Analogue;438,750000;431,15000;25;;;;;None;;;88,5;;Disabled;Master;No;No;No;495;Off;No;No;None;50,89270020;11,60770035;Yes
321;#DB0SRB Saalfel;Analogue;438,525000;430,92500;12,5;1;1;None;BM;None;APRS;APRS;;;;Master;No;No;No;495;Off;No;No;None;50,63550186;11,43449974;Yes
322;#DB0SRB.Saalfel;Digital;438,525000;430,92500;12,5;1;1;None;BM;None;APRS;APRS;;;;Master;No;No;No;495;Off;No;No;None;50,63550186;11,43449974;Yes
323;#DB0SLF Saalfel;Analogue;438,975000;431,37500;25;1;1;None;BM;None;APRS;APRS;;;;Master;No;No;No;495;Off;No;No;None;50,64759827;11,36149979;Yes
324;#DB0SLF.Saalfel;Digital;438,975000;431,37500;25;1;1;None;BM;None;APRS;APRS;;;;Master;No;No;No;495;Off;No;No;None;50,64759827;11,36149979;Yes
325;#DB0HOF Hof;Analogue;438,912500;431,31250;25;;;;;None;;;67,0;67,0;Disabled;Master;No;No;No;495;Off;No;No;None;50,31349945;11,91279984;Yes
326;#DB0SLF.Saalfel;Digital;438,650000;431,05000;;1;1;None;BM;None;APRS;APRS;;;;Master;No;No;No;495;Off;No;No;None;50,62810100;11,33780000;Yes
327;#DB0NAI Steinba;Analogue;439,150000;431,55000;12,5;;;;;None;;;None;;Disabled;Master;No;No;No;495;Off;No;No;None;50,35419846;11,62500000;Yes
328;#DB0REN Wetzste;Analogue;438,825000;431,22500;25;;;;;None;;;None;136,5;Disabled;Master;No;No;No;495;Off;No;No;None;50,43750000;11,45829964;Yes
329;#DB0ZZ Zeitz;Analogue;438,887500;431,28750;25;;;;;None;;;None;;Disabled;Master;No;No;No;495;Off;No;No;None;51,02360153;12,20880032;Yes
330;#DB0KUH Auerbac;Analogue;439,087500;431,48750;12,5;;;;;None;;;None;1750;Disabled;Master;No;No;No;495;Off;No;No;None;50,52026700;12,49910100;Yes
331;#DB0ABL Altenbu;Analogue;438,712500;431,11250;25,0;;;;;None;;;None;1750;Disabled;Master;No;No;No;495;Off;No;No;None;51,00650300;12,28823400;Yes
332;#DB0ZWU Zwickau;Analogue;439,050000;431,45000;25;;;;;None;;;None;;Disabled;Master;No;No;No;495;Off;No;No;None;50,72000122;12,55510044;Yes
333;.DB0ABL.Meuselw;Digital;144,825000;144,82500;;1;1;None;BM;None;APRS;APRS;;;;Master;No;No;No;495;Off;No;No;None;51,04177100;12,30001000;Yes
334;#DB0ABL.Meuselw;Digital;439,900000;430,50000;;1;1;None;BM;None;APRS;APRS;;;;Master;No;No;No;495;Off;No;No;None;51,04270172;12,30249977;Yes
335;#DB0NMB Naumbur;Analogue;438,687500;431,08750;12,5;;;;;None;;;71,9;;Disabled;Master;No;No;No;495;Off;No;No;None;51,13159943;11,83740044;Yes
336;#DM0ASH Klingen;Analogue;438,200000;430,60000;25,0;;;;;None;;;None;;Disabled;Master;No;No;No;495;Off;No;No;None;50,39010000;12,50610000;Yes
337;#DB0WEI.Weimar;Digital;438,475000;430,87500;;1;1;None;BM;None;APRS;APRS;;;;Master;No;No;No;495;Off;No;No;None;50,99069977;11,33020020;Yes
338;#DB0GSW Weimar;Analogue;439,100000;431,50000;12,5;;;;;None;;;None;;Disabled;Master;No;No;No;495;Off;No;No;None;50,99762435;11,32477964;Yes
339;#DB0THF Oberwei;Analogue;439,237500;431,63750;25;;;;;None;;;None;;Disabled;Master;No;No;No;495;Off;No;No;None;50,58673000;11,12560000;Yes
340;#DO0KGS.Koenigs;Digital;430,375000;430,37500;;1;1;None;BM;None;APRS;APRS;;;;Master;No;No;No;495;Off;No;No;None;50,66049957;11,10680008;Yes
341;#DB0SON Sonnebe;Analogue;439,175000;431,57500;25;;;;;None;;;None;;Disabled;Master;No;No;No;495;Off;No;No;None;50,39590073;11,20829964;Yes
342;#DB0ERZ Auersbe;Analogue;439,112500;431,51250;12,5;;;;;None;;;71,9;71,9;Disabled;Master;No;No;No;495;Off;No;No;None;50,45650101;12,64700031;Yes
343;#DB0ERZ.Auersbe;Digital;439,462500;431,86250;;1;1;None;BM;None;APRS;APRS;;;;Master;No;No;No;495;Off;No;No;None;50,45619965;12,64680004;Yes
344; DB0ERZ Auersbe;Analogue;145,725000;145,12500;12,5;;;;;None;;;None;71,9;Disabled;Master;No;No;No;495;Off;No;No;None;50,45530000;12,64700000;Yes
345;#DB0IK Arnstadt;Analogue;439,062500;431,46250;25;;;;;None;;;None;;Disabled;Master;No;No;No;495;Off;No;No;None;50,88130750;11,12915250;Yes
346;#DB0SBX Hohenst;Analogue;439,250000;431,65000;25,0;;;;;None;;;None;;Disabled;Master;No;No;No;495;Off;No;No;None;50,80098290;12,71326810;Yes
347;#DB0SON.Sonnebe;Digital;438,412500;430,81250;;1;1;None;BM;None;APRS;APRS;;;;Master;No;No;No;495;Off;No;No;None;50,38230100;11,18100000;Yes
348;#DM0ETB Weimar;Analogue;439,287500;431,68750;12,5;;;;;None;;;None;;Disabled;Master;No;No;No;495;Off;No;No;None;51,01938700;11,25016600;Yes
349; DB0ETB Weimar;Analogue;145,675000;145,07500;25;;;;;None;;;None;;Disabled;Master;No;No;No;495;Off;No;No;None;51,01950073;11,25020027;Yes
350;#DB0ETB Weimar;Analogue;439,375000;431,77500;12,5;;;;;None;;;None;71,9;Disabled;Master;No;No;No;495;Off;No;No;None;51,01979828;11,25020027;Yes
351;#DB0KCH Kronach;Analogue;438,725000;431,12500;25;;;;;None;;;None;;Disabled;Master;No;No;No;495;Off;No;No;None;50,27080154;11,29170036;Yes
352;#DB0ASE.Erfurt;Digital;438,325000;430,72500;;1;1;None;BM;None;APRS;APRS;;;;Master;No;No;No;495;Off;No;No;None;50,94380188;11,08520031;Yes
353;#DB0HRC Bad Due;Analogue;438,725000;431,12500;12,5;;;;;None;;;None;;Disabled;Master;No;No;No;495;Off;No;No;None;51,25519943;12,06219959;Yes
354;#DB0HRC.Bad.Due;Digital;439,487500;431,88750;;1;1;None;BM;None;APRS;APRS;;;;Master;No;No;No;495;Off;No;No;None;51,25519943;12,06219959;Yes
355;#DB0KUB.Kulmbac;Digital;439,850000;430,45000;;1;1;None;BM;None;APRS;APRS;;;;Master;No;No;No;495;Off;No;No;None;50,11917967;11,50498663;Yes
356;#DB0ZB Schneebe;Analogue;438,800000;431,20000;25,0;;;;;None;;;None;;Disabled;Master;No;No;No;495;Off;No;No;None;50,05210114;11,85330009;Yes
357; DB0ZB Schneebe;Analogue;145,600000;145,00000;25;;;;;None;;;None;;Disabled;Master;No;No;No;495;Off;No;No;None;50,05179977;11,85330009;Yes
358;#DB0CHE Chemnit;Analogue;438,812500;431,21250;12,5;;;;;None;;;None;;Disabled;Master;No;No;No;495;Off;No;No;None;50,80830000;12,86000000;Yes
359;#DB0LLA Geithai;Analogue;439,362500;431,76250;12,5;;;;;None;;;None;;Disabled;Master;No;No;No;495;Off;No;No;None;51,08191000;12,65529600;Yes
360;#DB0EFT Erfurt;Analogue;439,250000;431,65000;12,5;;;;;None;;;None;;Disabled;Master;No;No;No;495;Off;No;No;None;50,98479843;11,02989960;Yes
361;#DB0CSD Chemnit;Analogue;438,700000;431,10000;25;;;;;None;;;None;;Disabled;Master;No;No;No;495;Off;No;No;None;50,74720001;12,91909981;Yes
362;.DB0EFW.Erfurt;Digital;145,712500;145,11250;;1;1;None;BM;None;APRS;APRS;;;;Master;No;No;No;495;Off;No;No;None;50,95849991;10,97249985;Yes
363;#DB0AER Auerbac;Analogue;439,400000;431,80000;25;;;;;None;;;None;;Disabled;Master;No;No;No;495;Off;No;No;None;50,68500137;12,93050003;Yes
364;#DM0RLB.Rochlit;Digital;438,762500;431,16250;;1;1;None;BM;None;APRS;APRS;;;;Master;No;No;No;495;Off;No;No;None;51,02600098;12,77250004;Yes
365;#DM0RLB Rochlit;Analogue;439,225000;431,62500;12,5;;;;;None;;;None;1750;Disabled;Master;No;No;No;495;Off;No;No;None;51,02610016;12,77250004;Yes
366;#DB0SBB Scheibe;Analogue;438,950000;431,35000;25;;;;;None;;;None;;Disabled;Master;No;No;No;495;Off;No;No;None;50,54100037;12,91650009;Yes
367;#DB0LE.Leipzig;Digital;439,575000;431,97500;;1;1;None;BM;None;APRS;APRS;;;;Master;No;No;No;495;Off;No;No;None;51,29309845;12,23709965;Yes
368;#DB0LE Leipzig;Analogue;438,787500;431,18750;25;;;;;None;;;None;;Disabled;Master;No;No;No;495;Off;No;No;None;51,29489899;12,22929955;Yes
369;#DB0MAK Marktre;Analogue;438,775000;431,17500;25;;;;;None;;;None;74,4;Disabled;Master;No;No;No;495;Off;No;No;None;50,00090027;12,14970016;Yes
370; DB0MAK Marktre;Analogue;145,775000;145,17500;25;;;;;None;;;None;74,4;Disabled;Master;No;No;No;495;Off;No;No;None;50,00030136;12,14970016;Yes
371;#DB0THA Suhl;Analogue;438,600000;431,00000;25;;;;;None;;;67,0;67,0;Disabled;Master;No;No;No;495;Off;No;No;None;50,64590073;10,79170036;Yes
372; DB0THA Suhl;Analogue;145,737500;145,13750;25;;;;;None;;;None;;Disabled;Master;No;No;No;495;Off;No;No;None;50,64559937;10,79170036;Yes
373;#DB0SML Leipzig;Analogue;439,275000;431,67500;25;;;;;None;;;67,0;67,0;Disabled;Master;No;No;No;495;Off;No;No;None;51,32339859;12,32970047;Yes
374;#DB0MIO.Michela;Digital;438,700000;431,10000;;1;1;None;BM;None;APRS;APRS;;;;Master;No;No;No;495;Off;No;No;None;50,16500092;11,11030006;Yes
375;#DB0FIB.Fichtel;Digital;439,587500;431,98750;;1;1;None;BM;None;APRS;APRS;;;;Master;No;No;No;495;Off;No;No;None;50,42879868;12,95339966;Yes
376;#DB0FIB Fichtel;Analogue;439,350000;431,75000;25;;;;;None;;;None;;Disabled;Master;No;No;No;495;Off;No;No;None;50,42850113;12,95339966;Yes
377; DB0UC Coburg;Analogue;145,700000;145,10000;12,5;;;;;None;;;None;;Disabled;Master;No;No;No;495;Off;No;No;None;50,26029968;10,97560024;Yes
378;#DB0FHC.Coburg;Digital;439,450000;431,85000;;1;1;None;BM;None;APRS;APRS;;;;Master;No;No;No;495;Off;No;No;None;50,26119995;10,96269989;Yes
379;#DB0FLW.Leipzig;Digital;439,537500;431,93750;;1;1;None;BM;None;APRS;APRS;;;;Master;No;No;No;495;Off;No;No;None;51,33169937;12,36429977;Yes
380; DB0FLW Leipzig;Analogue;145,612500;145,01250;12,5;;;;;None;;;None;;Disabled;Master;No;No;No;495;Off;No;No;None;51,33174100;12,36419100;Yes
381;#DB0FLW.Leipzig;Digital;438,837500;431,23750;;1;1;None;BM;None;APRS;APRS;;;;Master;No;No;No;495;Off;No;No;None;51,33174100;12,36419100;Yes
382; DB0ANA Poehlbe;Analogue;145,625000;145,02500;25;;;;;None;;;None;;Disabled;Master;No;No;No;495;Off;No;No;None;50,56250000;13,04170036;Yes
383; DB0FTS Suhl;Analogue;145,762500;145,16250;12,5;;;;;None;;;None;67,0;Disabled;Master;No;No;No;495;Off;No;No;None;50,61230087;10,74520016;Yes
384;#DB0FTS.Suhl;Digital;438,537500;430,93750;;1;1;None;BM;None;APRS;APRS;;;;Master;No;No;No;495;Off;No;No;None;50,61230087;10,74520016;Yes
385;#DB0LMM Leipzig;Analogue;439,300000;431,70000;25;;;;;None;;;None;;Disabled;Master;No;No;No;495;Off;No;No;None;51,33850098;12,38199997;Yes
386; DB0LEI Leipzig;Analogue;145,775000;145,17500;25;;;;;None;;;None;;Disabled;Master;No;No;No;495;Off;No;No;None;51,34339905;12,38420010;Yes
387;#DM0LC.Leipzig;Digital;439,387500;431,78750;;1;1;None;BM;None;APRS;APRS;;;;Master;No;No;No;495;Off;No;No;None;51,33720016;12,41250038;Yes
388;#DM0MW Mittweid;Analogue;439,162500;431,56250;25;;;;;None;;;None;;Disabled;Master;No;No;No;495;Off;No;No;None;50,98529816;12,97410011;Yes
389;#DM0BT Bayreuth;Analogue;439,875000;430,47500;12,5;1;1;None;BM;None;APRS;APRS;;;;Master;No;No;No;495;Off;No;No;None;49,94940900;11,56185600;Yes
390;#DM0BT.Bayreuth;Digital;439,875000;430,47500;12,5;1;1;None;BM;None;APRS;APRS;;;;Master;No;No;No;495;Off;No;No;None;49,94940900;11,56185600;Yes
391;#DB0LIC Lichten;Analogue;439,025000;431,42500;25;;;;;None;;;None;;Disabled;Master;No;No;No;495;Off;No;No;None;50,14580154;11,04170036;Yes
392;#DM0LEI Leipzig;Analogue;439,150000;431,55000;12,5;;;;;None;;;None;;Disabled;Master;No;No;No;495;Off;No;No;None;51,35459900;12,42469978;Yes
393;#DB0RQ Fuchsmue;Analogue;439,075000;431,47500;25;;;;;None;;;None;;Disabled;Master;No;No;No;495;Off;No;No;None;49,91999817;12,13230038;Yes
394;#DM0KWD.Halle.S;Digital;438,450000;430,85000;;1;1;None;BM;None;APRS;APRS;;;;Master;No;No;No;495;Off;No;No;None;51,46030045;11,99289989;Yes
395;#DM0KWD Halle S;Analogue;438,625000;431,02500;25;;;;;None;;;None;;Disabled;Master;No;No;No;495;Off;No;No;None;51,46030045;11,99289989;Yes
396; DM0HK Hartha;Analogue;145,662500;145,06250;12,5;;;;;None;;;None;1750;Disabled;Master;No;No;No;495;Off;No;No;None;51,10170000;12,95400000;Yes
397;#DB0LBH Deditz;Analogue;438,925000;431,32500;25;;;;;None;;;None;;Disabled;Master;No;No;No;495;Off;No;No;None;51,22919846;12,79170036;Yes
398; DB0BT Bayreuth;Analogue;145,612500;145,01250;12,5;;;;;None;;;103,5;103,5;Disabled;Master;No;No;No;495;Off;No;No;None;49,88804200;11,55764000;Yes
399;#DB0BT Bayreuth;Analogue;439,900000;430,50000;12,5;1;1;None;BM;None;APRS;APRS;;;;Master;No;No;No;495;Off;No;No;None;49,88804200;11,55764000;Yes
400;#DB0BT.Bayreuth;Digital;439,900000;430,50000;12,5;1;1;None;BM;None;APRS;APRS;;;;Master;No;No;No;495;Off;No;No;None;49,88804200;11,55764000;Yes
401;#DB0GTH.Gotha;Digital;438,300000;430,70000;;1;1;None;BM;None;APRS;APRS;;;;Master;No;No;No;495;Off;No;No;None;50,95309830;10,68850040;Yes
402;#DM0SVX Halle S;Analogue;430,375000;430,37500;25;;;;;None;;;None;;Disabled;Master;No;No;No;495;Off;No;No;None;51,49179840;11,95600033;Yes
403;#DO0TMO.Puechau;Digital;438,837500;431,23750;;1;1;None;BM;None;APRS;APRS;;;;Master;No;No;No;495;Off;No;No;None;51,39979935;12,64879990;Yes
404;#DB0AWI.Wiegleb;Digital;438,400000;430,80000;;1;1;None;BM;None;APRS;APRS;;;;Master;No;No;No;495;Off;No;No;None;51,04719925;10,62849998;Yes
405; DB0ZW Weiden;Analogue;145,712500;145,11250;25;;;;;None;;;None;82,5;Disabled;Master;No;No;No;495;Off;No;No;None;49,78749847;12,07940006;Yes
406; DB0HAL Halle S;Analogue;145,750000;145,15000;25;;;;;None;;;None;67,0;Disabled;Master;No;No;No;495;Off;No;No;None;51,56250000;11,95829964;Yes
407;#DB0NU Maroldsw;Analogue;438,675000;431,07500;25;;;;;None;;;None;;Disabled;Master;No;No;No;495;Off;No;No;None;50,18780136;10,70829964;Yes
408;#DB0NU.Maroldsw;Digital;439,500000;431,90000;;1;1;None;BM;None;APRS;APRS;;;;Master;No;No;No;495;Off;No;No;None;50,18750000;10,70829964;Yes
